time,nino3,nino4,nino34,oni
1940-01-01,0.77482826,0.49944904,0.83818126,
1940-02-01,0.91584975,0.6616926,1.0754274,1.0400139
1940-03-01,0.96427315,0.78748566,1.2064333,1.006807
1940-04-01,0.48696518,0.6775541,0.73856014,1.1082681
1940-05-01,1.1274626,0.87392026,1.379811,1.112641
1940-06-01,0.9002745,0.8043877,1.2195516,1.2566005
1940-07-01,0.7435514,0.9745105,1.1704389,1.2093275
1940-08-01,0.7004116,1.0017866,1.237992,1.075039
1940-09-01,0.7435049,0.6522943,0.8166861,0.8487622
1940-10-01,0.2943418,0.34772384,0.49160847,0.7771139
1940-11-01,0.9725545,0.4140315,1.0230473,0.89763385
1940-12-01,0.7285926,0.755493,1.1782459,1.2533907
1941-01-01,1.3334973,0.87833357,1.5588785,1.4996618
1941-02-01,1.4970713,1.0126414,1.7618607,1.6669971
1941-03-01,1.5210859,0.7429197,1.680252,1.7121973
1941-04-01,1.5800445,0.78438693,1.6944791,1.4826187
1941-05-01,0.9726213,0.5716461,1.0731251,1.2601999
1941-06-01,0.9787985,0.7560148,1.0129954,1.0093813
1941-07-01,0.5995146,0.7070932,0.94202316,0.952116
1941-08-01,0.6318033,0.7860955,0.90132946,0.8770798
1941-09-01,0.7820663,0.28489536,0.78788674,0.88384265
1941-10-01,1.0192612,0.6054645,0.9623117,1.0254077
1941-11-01,1.1974462,0.8605598,1.3260245,1.1671724
1941-12-01,1.3118079,0.705422,1.2131811,1.1578525
1942-01-01,1.0538689,0.4490307,0.93435186,0.91394687
1942-02-01,0.3177298,0.48074245,0.59430766,0.59544027
1942-03-01,-0.06970752,0.274307,0.25766125,0.41390857
1942-04-01,-0.090196885,0.22298548,0.38975683,0.18224986
1942-05-01,-0.3934497,-0.06378135,-0.10066846,0.01544112
1942-06-01,-0.7710042,-0.098613806,-0.24276501,-0.32209513
1942-07-01,-1.1821972,-0.066952005,-0.6228519,-0.69060403
1942-08-01,-1.3619498,-0.692694,-1.2061954,-1.0232471
1942-09-01,-1.1749151,-0.86133957,-1.2406939,-1.2177916
1942-10-01,-1.0706211,-0.83793044,-1.2064852,-1.3265013
1942-11-01,-1.4743404,-0.90349835,-1.5323244,-1.3803433
1942-12-01,-1.0499653,-0.92414635,-1.4022204,-1.4205952
1943-01-01,-0.94580394,-0.8415741,-1.327241,-1.2994428
1943-02-01,-0.914887,-0.554648,-1.168867,-1.2786914
1943-03-01,-0.72212976,-0.857902,-1.3399662,-1.1721064
1943-04-01,-0.46691015,-0.84580535,-1.0074861,-0.97765255
1943-05-01,-0.16058302,-0.64054036,-0.5855056,-0.57376593
1943-06-01,0.288023,-0.28705603,-0.12830618,-0.31262496
1943-07-01,0.1868094,-0.6081463,-0.22406319,-0.19647682
1943-08-01,-0.18318161,-0.27296627,-0.23706105,-0.22972493
1943-09-01,-0.09180753,-0.43272603,-0.22805053,-0.39302203
1943-10-01,-0.49726343,-0.4299646,-0.7139545,-0.5969272
1943-11-01,-0.5528011,-0.6434562,-0.84877676,-0.79672223
1943-12-01,-0.6397468,-0.42142725,-0.8274355,-0.80809456
1944-01-01,-0.79169714,-0.27762124,-0.74807143,-0.70327973
1944-02-01,-0.25685233,-0.4504374,-0.53433233,-0.39499548
1944-03-01,0.15694831,0.12207647,0.097417206,-0.10619557
1944-04-01,0.41884422,-0.04796109,0.11832841,0.09541712
1944-05-01,0.13945042,0.10387837,0.07050577,0.050462097
1944-06-01,0.085453734,-0.15759638,-0.037447885,-0.032748327
1944-07-01,0.024114348,-0.15799674,-0.13130286,-0.10409062
1944-08-01,0.19263905,-0.16684054,-0.14352112,-0.18057807
1944-09-01,0.009343654,-0.13697827,-0.26691023,-0.28752425
1944-10-01,-0.14277832,-0.14744678,-0.4521414,-0.39858255
1944-11-01,-0.53324157,-0.18077482,-0.47669595,-0.4811372
1944-12-01,-0.5092103,-0.2152102,-0.51457417,-0.4954183
1945-01-01,-0.50421417,-0.21645017,-0.49498487,-0.52155155
1945-02-01,-0.41091874,-0.44566348,-0.5550955,-0.5912993
1945-03-01,-0.49921423,-0.67187893,-0.7238175,-0.66471547
1945-04-01,-0.38281304,-0.5467182,-0.71523327,-0.69668216
1945-05-01,-0.21549864,-0.54232115,-0.6509956,-0.27390197
1945-06-01,0.93505126,0.165786,0.5445229,-0.047751173
1945-07-01,0.19581878,-0.26716474,-0.03678079,0.016545942
1945-08-01,-0.13625143,-0.44565535,-0.45810428,-0.29451606
1945-09-01,-0.14002234,-0.29099646,-0.38866305,-0.30212808
1945-10-01,0.44604546,-0.34766427,-0.059616942,-0.24337073
1945-11-01,0.18482769,-0.3899905,-0.28183216,-0.23828699
1945-12-01,-0.10890138,-0.42417207,-0.37341186,-0.49798504
1946-01-01,-0.63821733,-0.7109847,-0.8387112,-0.49106148
1946-02-01,0.10244701,-0.4331561,-0.26106143,-0.70665884
1946-03-01,-1.1649086,-0.40867537,-1.0202038,-0.6650259
1946-04-01,-0.5569238,-0.39511585,-0.7138124,-0.6497281
1946-05-01,-0.21736419,0.1898555,-0.2151682,-0.27622226
1946-06-01,-0.12114745,0.45439473,0.100313835,0.0357386
1946-07-01,0.022057703,0.48898208,0.22207016,0.039301526
1946-08-01,-0.3688735,0.28933877,-0.20447943,-0.06216438
1946-09-01,-0.16379374,0.19024582,-0.20408387,-0.018034637
1946-10-01,-0.010465138,0.7615424,0.3544594,0.18075734
1946-11-01,0.23342007,0.65604305,0.39189652,0.4027119
1946-12-01,0.25549033,0.23165032,0.46177986,0.48056492
1947-01-01,0.5048344,0.17245604,0.5880184,0.47390667
1947-02-01,0.13049857,0.30064744,0.37192184,0.38589534
1947-03-01,0.25033104,0.30168548,0.19774577,0.0849123
1947-04-01,-0.09605603,-0.24214335,-0.31493068,-0.22784555
1947-05-01,-0.44473255,-0.14339319,-0.5663518,-0.46600667
1947-06-01,-0.32970545,-0.15455763,-0.5167375,-0.41281214
1947-07-01,-0.25048712,-0.054399792,-0.15534715,-0.19349216
1947-08-01,-0.0825512,0.13381766,0.09160822,-0.03035524
1947-09-01,-0.09380263,-0.24760555,-0.027326789,-0.028443133
1947-10-01,-0.12986149,-0.30477613,-0.14961083,-0.1659409
1947-11-01,-0.32268205,-0.2816784,-0.32088506,-0.07457187
1947-12-01,0.10628501,-0.034677636,0.24678026,-0.058507364
1948-01-01,-0.16663374,-0.078303464,-0.10141729,0.13602014
1948-02-01,0.31799582,-0.12844037,0.26269746,0.15326668
1948-03-01,0.2856619,-0.098901376,0.2985199,0.4155878
1948-04-01,0.54575765,0.3857328,0.68554616,0.4049972
1948-05-01,0.024639854,0.2854458,0.23092553,0.32041144
1948-06-01,-0.06897199,0.16562045,0.044762615,0.037611753
1948-07-01,-0.30362365,-0.23656078,-0.16285288,-0.09697056
1948-08-01,-0.0950783,-0.3036538,-0.17282142,-0.15597385
1948-09-01,-0.28050727,-0.15233907,-0.13224725,-0.35970744
1948-10-01,-0.5100154,-0.5393104,-0.77405363,-0.4349641
1948-11-01,-0.2681985,-0.2373548,-0.39859137,-0.25551826
1948-12-01,0.24143964,0.30092183,0.4060902,0.027507229
1949-01-01,-0.14969732,0.4492594,0.075022854,0.407185
1949-02-01,0.69673485,0.32226175,0.740442,0.3198015
1949-03-01,0.12416398,0.09982906,0.14393969,0.3042806
1949-04-01,0.14312197,-0.28732228,0.028460141,0.13801998
1949-05-01,0.1768173,-0.061293636,0.24166009,0.050258294
1949-06-01,-0.11795353,-0.19451417,-0.11934535,-0.005703042
1949-07-01,-0.34199214,-0.14337325,-0.13942386,-0.17745936
1949-08-01,-0.3274757,-0.16714709,-0.2736089,-0.384374
1949-09-01,-0.82086194,-0.72451776,-0.74008924,-0.5165883
1949-10-01,-0.74352,-0.46618235,-0.5360668,-0.69645613
1949-11-01,-0.7876138,-0.840132,-0.8132124,-0.73471886
1949-12-01,-0.9172285,-0.7117039,-0.8548775,-0.8125815
1950-01-01,-0.8502254,-0.4617023,-0.76965445,-0.8568878
1950-02-01,-0.90473145,-0.4600069,-0.94613147,-0.81043476
1950-03-01,-0.6594241,-0.42498505,-0.7155183,-0.8072102
1950-04-01,-0.8560275,-0.3849044,-0.7599809,-0.705838
1950-05-01,-0.54929763,-0.5651905,-0.642015,-0.6624604
1950-06-01,-0.5117799,-0.5138468,-0.58538526,-0.6796212
1950-07-01,-0.79742193,-0.8074325,-0.81146324,-0.6846986
1950-08-01,-0.3108396,-0.81403977,-0.6572474,-0.8088498
1950-09-01,-0.88992226,-0.6237072,-0.9578388,-0.778558
1950-10-01,-0.58980185,-0.51671636,-0.7205878,-0.8416397
1950-11-01,-0.93022066,-0.6231859,-0.84649265,-0.6906844
1950-12-01,-0.44656405,-0.39770874,-0.50497264,-0.6966223
1951-01-01,-0.40004647,-0.7244324,-0.7384016,-0.54341024
1951-02-01,-0.19889468,-0.63318205,-0.3868564,-0.5089542
1951-03-01,-0.35512182,-0.58959365,-0.4016048,-0.22498377
1951-04-01,0.00068798754,-0.25016904,0.11350992,0.087433815
1951-05-01,0.50780123,0.14114009,0.5503963,0.34480667
1951-06-01,0.672474,-0.03292598,0.3705138,0.72335595
1951-07-01,1.3004498,0.34679794,1.2491578,0.8132841
1951-08-01,1.0347441,0.4834433,0.82018054,0.8711653
1951-09-01,0.7240737,0.16780786,0.54415756,0.7966737
1951-10-01,1.0969186,0.39996937,1.0256829,0.9086461
1951-11-01,1.1607554,0.5920666,1.156098,1.1437181
1951-12-01,1.3029195,0.6107933,1.2493737,1.1369305
1952-01-01,0.99441,0.33417872,1.0053196,1.0341853
1952-02-01,0.7081452,0.29013318,0.84786254,0.7797704
1952-03-01,0.49827763,0.06927477,0.48612913,0.6897629
1952-04-01,0.45582116,0.31092617,0.7352971,0.4692022
1952-05-01,0.05530092,-0.13023055,0.18618031,0.21841075
1952-06-01,-0.2927758,-0.28390837,-0.26624513,-0.14126545
1952-07-01,-0.2979101,-0.26668364,-0.34373152,-0.28856647
1952-08-01,-0.16952442,-0.3497572,-0.25572273,-0.30640432
1952-09-01,-0.34675568,-0.121609494,-0.31975865,-0.22999036
1952-10-01,-0.3086448,-0.05248476,-0.1144897,-0.16129714
1952-11-01,-0.12812464,-0.19556686,-0.049643073,0.041518707
1952-12-01,0.1542821,0.11649109,0.2886889,0.2737588
1953-01-01,0.51927495,0.2671743,0.5822306,0.46327814
1953-02-01,0.45405224,0.285311,0.5189148,0.5465521
1953-03-01,0.6674185,0.15981688,0.5385109,0.5184832
1953-04-01,0.7378296,0.09014522,0.49802384,0.59160185
1953-05-01,1.0114365,-0.02512744,0.73827076,0.57658035
1953-06-01,0.67022616,0.049455054,0.49344644,0.61248344
1953-07-01,0.77812666,0.39006728,0.60573316,0.5535374
1953-08-01,0.43885672,0.34891054,0.5614326,0.68532705
1953-09-01,1.0140394,0.39387783,0.8888155,0.6463262
1953-10-01,0.5929922,0.13579305,0.48873043,0.48816487
1953-11-01,0.30980125,-0.15309452,0.0869486,0.21139479
1953-12-01,0.34413666,-0.25019,0.058505315,0.21004175
1954-01-01,0.31582913,0.24804428,0.4846713,0.22700162
1954-02-01,0.09244136,-0.043835886,0.13782826,0.19255655
1954-03-01,-0.2033035,-0.08506838,-0.044829983,-0.11764803
1954-04-01,-0.7715846,0.03875387,-0.44594237,-0.32950398
1954-05-01,-0.9649635,-0.20161484,-0.4977396,-0.5071624
1954-06-01,-0.9387846,-0.19299532,-0.57780534,-0.64414316
1954-07-01,-1.1472578,-0.53596747,-0.8568845,-0.6895693
1954-08-01,-0.7994111,-0.608489,-0.6340183,-0.80464506
1954-09-01,-0.9547067,-0.7951041,-0.92303246,-0.7895066
1954-10-01,-1.000299,-0.7650248,-0.8114692,-0.8743575
1954-11-01,-0.7727061,-1.0860329,-0.88857114,-0.89862615
1954-12-01,-0.97304064,-1.0309484,-0.9958381,-0.95914984
1955-01-01,-0.7327975,-0.88052976,-0.9930404,-0.94585437
1955-02-01,-0.5890311,-1.0182111,-0.8486845,-0.8040622
1955-03-01,-0.5530666,-0.6307619,-0.57046187,-0.80024505
1955-04-01,-0.96548694,-0.6226546,-0.9815889,-0.7497327
1955-05-01,-0.82287014,-0.4958517,-0.697147,-0.88966495
1955-06-01,-1.0797977,-1.0214808,-0.99025905,-0.83448607
1955-07-01,-0.6551211,-0.76422685,-0.8160522,-0.920849
1955-08-01,-0.78795063,-0.9409836,-0.95623577,-0.9767287
1955-09-01,-1.0555423,-0.84057677,-1.1578981,-1.300367
1955-10-01,-1.7042325,-1.2235305,-1.7869673,-1.5962125
1955-11-01,-1.7510756,-1.0875847,-1.8437725,-1.7514843
1955-12-01,-1.4652486,-1.0886335,-1.6237128,-1.4781374
1956-01-01,-0.9748128,-0.78438336,-0.9669266,-1.1892772
1956-02-01,-0.7874707,-0.87117326,-0.9771922,-0.91178435
1956-03-01,-0.6213335,-1.0211463,-0.7912344,-0.8129277
1956-04-01,-0.42962295,-0.80790913,-0.67035645,-0.84199077
1956-05-01,-0.8213421,-1.183577,-1.0643816,-0.902685
1956-06-01,-0.69764173,-1.1179116,-0.9733168,-0.9575486
1956-07-01,-0.57503873,-0.96121514,-0.8349477,-0.8505228
1956-08-01,-0.5091435,-0.65077424,-0.743304,-0.7877829
1956-09-01,-0.69750875,-0.59560615,-0.785097,-0.8224387
1956-10-01,-0.8163949,-0.99485654,-0.93891513,-0.8547165
1956-11-01,-0.8743778,-0.46888494,-0.8401371,-0.8111828
1956-12-01,-0.6109067,-0.4057616,-0.65449625,-0.61907977
1957-01-01,-0.3532392,-0.00268743,-0.36260587,-0.35544047
1957-02-01,-0.12518147,0.37025326,-0.049219243,0.036874812
1957-03-01,0.6731014,0.09829835,0.52244955,0.28841498
1957-04-01,0.5712768,0.14314602,0.3920147,0.6847267
1957-05-01,1.2613223,0.37506717,1.1397158,0.77835536
1957-06-01,1.0292579,0.051451296,0.8033355,0.9042978
1957-07-01,1.0043838,0.14287557,0.76984215,0.78415984
1957-08-01,0.91087884,0.18349858,0.7793019,0.82046586
1957-09-01,1.0697645,0.2570991,0.9122537,0.857187
1957-10-01,0.7487406,0.72786725,0.88000536,0.894615
1957-11-01,0.95534396,0.37551585,0.8915862,0.880812
1957-12-01,0.8638429,0.4471278,0.87084436,1.0708189
1958-01-01,1.3060378,0.62783074,1.4500263,1.1545209
1958-02-01,1.0200957,0.6098813,1.1426919,1.2006687
1958-03-01,0.8348721,0.5271004,1.0092878,0.93681073
1958-04-01,0.5915163,0.21883938,0.6584526,0.7936468
1958-05-01,0.45189646,0.47412518,0.71320003,0.6309146
1958-06-01,0.33653322,0.6122277,0.5210912,0.5154025
1958-07-01,0.3102927,0.16787285,0.31191605,0.33099124
1958-08-01,0.029461905,0.16389933,0.1599664,0.032568615
1958-09-01,-0.18470441,-0.20649596,-0.37417662,-0.047823083
1958-10-01,0.01325816,0.2294982,0.07074098,-0.076434486
1958-11-01,0.067056574,0.16975735,0.074132174,0.071519315
1958-12-01,-0.08268875,0.08747873,0.06968479,0.24594827
1959-01-01,0.37375668,0.4478834,0.5940279,0.41484427
1959-02-01,0.36117312,0.44754124,0.5808201,0.62353975
1959-03-01,0.6429814,0.27862677,0.69577134,0.6023034
1959-04-01,0.44146574,0.46774197,0.53031874,0.6098516
1959-05-01,0.44391483,0.42957252,0.6034647,0.47635093
1959-06-01,0.08437066,0.018626662,0.29526934,0.2308143
1959-07-01,-0.14161919,-0.31683174,-0.2062912,0.039806183
1959-08-01,-0.18314037,0.16082263,0.030440401,-0.19714278
1959-09-01,-0.3873411,-0.10667287,-0.41557753,-0.102300726
1959-10-01,0.07081178,0.07876747,0.07823497,-0.19906896
1959-11-01,-0.14781801,-0.31519547,-0.25986433,-0.045917794
1959-12-01,0.04134589,-0.33769047,0.04387598,0.022390023
1960-01-01,0.18327816,-0.17780377,0.28315842,0.09732276
1960-02-01,-0.1932218,-0.13036576,-0.03506614,0.19665565
1960-03-01,0.0725782,0.068286374,0.3418747,0.1217661
1960-04-01,-0.15095642,-0.12753953,0.058489732,0.15035944
1960-05-01,-0.31494653,-0.010312238,0.05071386,0.021510428
1960-06-01,-0.15801798,-0.16985308,-0.044672307,0.0070004053
1960-07-01,-0.059917603,-0.24528712,0.014959662,-0.023215247
1960-08-01,-0.032954637,-0.3663706,-0.039933097,-0.021805704
1960-09-01,0.07621111,-0.42084664,-0.040443674,-0.0016976843
1960-10-01,-0.25409213,0.14692837,0.07528372,-0.03846298
1960-11-01,-0.55306953,0.17211862,-0.15022899,-0.023232736
1960-12-01,-0.18206754,0.05218748,0.005247065,0.016259372
1961-01-01,0.19566481,0.07851008,0.19376004,0.13012405
1961-02-01,0.35092118,-0.13601054,0.19136503,0.092999674
1961-03-01,-0.07264432,-0.26449165,-0.106126055,-0.043707784
1961-04-01,-0.19154157,-0.17147514,-0.21636233,-0.06269089
1961-05-01,0.06662959,-0.11074358,0.13441569,-0.13811707
1961-06-01,-0.35768384,-0.22300757,-0.33240458,-0.13556768
1961-07-01,-0.47501838,-0.0013361567,-0.20871417,-0.24563898
1961-08-01,-0.31339166,-0.20260346,-0.1957982,-0.26227593
1961-09-01,-0.47036907,-0.34952587,-0.3823154,-0.3005333
1961-10-01,-0.4257759,-0.2677777,-0.32348624,-0.33900523
1961-11-01,-0.33899543,-0.42778686,-0.31121403,-0.27908194
1961-12-01,-0.29627112,-0.34563926,-0.20254552,-0.36444068
1962-01-01,-0.33371368,-0.61034095,-0.57956254,-0.3645145
1962-02-01,-0.28432742,-0.2195007,-0.31143543,-0.5612219
1962-03-01,-1.0164838,-0.39253512,-0.7926677,-0.6171327
1962-04-01,-0.9772162,-0.34444028,-0.7472952,-0.68757015
1962-05-01,-0.5611304,-0.53609085,-0.52274764,-0.6152543
1962-06-01,-0.6826986,-0.40963465,-0.57571995,-0.5505591
1962-07-01,-0.5273905,-0.31283244,-0.55320966,-0.49821678
1962-08-01,-0.44353193,-0.15327989,-0.36572078,-0.5858063
1962-09-01,-0.84054244,-0.38661897,-0.83848846,-0.5542564
1962-10-01,-0.4972499,-0.2715232,-0.45855996,-0.5516564
1962-11-01,-0.34814185,-0.36719292,-0.35792077,-0.46258464
1962-12-01,-0.5603724,-0.36944404,-0.5712732,-0.5563462
1963-01-01,-0.53940636,-0.37770513,-0.73984456,-0.7279022
1963-02-01,-0.72735465,-0.27031273,-0.87258875,-0.77093005
1963-03-01,-0.50931597,-0.39954144,-0.70035684,-0.64376885
1963-04-01,-0.3071786,0.15641138,-0.35836095,-0.42487207
1963-05-01,-0.0606089,-0.058202147,-0.21589847,-0.19183141
1963-06-01,0.07145379,-0.08471503,-0.0012348464,0.034109503
1963-07-01,0.39754447,0.4714055,0.31946182,0.25071707
1963-08-01,0.35610718,0.626171,0.4339243,0.3682499
1963-09-01,0.3579155,0.43036875,0.3513635,0.44981238
1963-10-01,0.5384593,0.33799124,0.5641493,0.5425768
1963-11-01,0.6279209,0.53144205,0.7122176,0.64928174
1963-12-01,0.51131463,0.5481899,0.6714782,0.69969845
1964-01-01,0.4854629,0.48799765,0.7153995,0.64399725
1964-02-01,0.22523066,0.39036465,0.5451141,0.3079959
1964-03-01,-0.51817536,-0.13158308,-0.33652586,-0.092185736
1964-04-01,-0.727092,-0.0022215848,-0.48514545,-0.4236262
1964-05-01,-0.88560265,0.057833232,-0.44920734,-0.6107647
1964-06-01,-1.1516048,-0.29973248,-0.8979413,-0.76716447
1964-07-01,-1.2219903,-0.25469455,-0.9543448,-0.92266685
1964-08-01,-1.4916883,-0.45328882,-0.9157145,-0.98417443
1964-09-01,-1.2123713,-0.83125126,-1.0824641,-0.942004
1964-10-01,-1.0377573,-0.68598884,-0.8278335,-0.8921342
1964-11-01,-0.7967304,-0.62395173,-0.76610506,-0.8303993
1964-12-01,-0.9266737,-0.70347685,-0.89725924,-0.7054495
1965-01-01,-0.5739045,-0.30073887,-0.45298415,-0.5052361
1965-02-01,-0.35825473,-0.091943875,-0.165465,-0.25236484
1965-03-01,-0.11202971,-0.2721817,-0.13864537,0.018184742
1965-04-01,0.5027111,0.04611328,0.35866457,0.2806406
1965-05-01,0.8375742,-0.06974356,0.6219026,0.49889338
1965-06-01,0.8637064,-0.076702215,0.516113,0.60197854
1965-07-01,0.9020392,0.09265766,0.66792005,0.69359785
1965-08-01,0.9599057,0.2610552,0.89676064,0.882184
1965-09-01,1.057547,0.6085441,1.0818713,1.179804
1965-10-01,1.4950154,0.82993513,1.5607799,1.3925508
1965-11-01,1.3734387,0.9879295,1.5350015,1.5249826
1965-12-01,1.244625,0.7414131,1.4791666,1.458125
1966-01-01,1.1019838,0.82441986,1.3602067,1.3355528
1966-02-01,0.67140865,0.80280805,1.167285,1.2040434
1966-03-01,0.36913854,0.74600875,1.0846385,0.9884909
1966-04-01,0.11523775,0.68272007,0.713549,0.7388437
1966-05-01,-0.19789629,0.65145487,0.4183435,0.5822318
1966-06-01,0.1831575,0.5587691,0.61480296,0.6839134
1966-07-01,0.5924313,0.8977105,1.0185937,0.6464731
1966-08-01,0.090004556,0.2754001,0.30602258,0.55719584
1966-09-01,0.09800174,0.19412182,0.34697133,0.29248694
1966-10-01,-0.00960736,0.2581441,0.22446695,0.25993875
1966-11-01,-0.08447555,0.28776297,0.20837793,0.2668523
1966-12-01,-0.048075262,0.28826487,0.367712,0.13985714
1967-01-01,-0.29318488,-0.22624694,-0.15651849,-0.003476724
1967-02-01,-0.30632907,-0.29604322,-0.22162367,-0.16615635
1967-03-01,-0.37619537,0.1778592,-0.12032688,-0.07552093
1967-04-01,-0.28802958,0.34199244,0.115387745,0.101724215
1967-05-01,-0.0026517238,0.58783185,0.3101118,0.24122737
1967-06-01,-0.08235433,0.37141493,0.29818258,0.3096751
1967-07-01,-0.2541857,0.51734716,0.32073092,0.1406635
1967-08-01,-0.65047234,0.123085134,-0.19692303,-0.028072879
1967-09-01,-0.6306572,0.10788534,-0.20802653,-0.3470235
1967-10-01,-0.8103596,-0.53107893,-0.6361209,-0.32171375
1967-11-01,-0.47000107,-0.07713385,-0.120993815,-0.34511134
1967-12-01,-0.6287246,0.000936431,-0.2782193,-0.32426533
1968-01-01,-0.8312854,-0.3010023,-0.5735829,-0.40604672
1968-02-01,-0.5610244,-0.132897,-0.36633787,-0.6667242
1968-03-01,-1.2419256,-0.60578185,-1.0602518,-0.6416282
1968-04-01,-0.71517384,-0.29504728,-0.4982949,-0.60229445
1968-05-01,-0.6471919,-0.06359166,-0.24833652,-0.26662436
1968-06-01,-0.25795788,-0.1602084,-0.05324172,-0.056467313
1968-07-01,0.0035803313,-0.015304765,0.13217631,0.14693566
1968-08-01,0.43889806,-0.010226614,0.36187238,0.30511656
1968-09-01,0.44929305,0.08098081,0.421301,0.5539672
1968-10-01,0.64678305,0.60270554,0.8787282,0.7781477
1968-11-01,0.7250862,0.6655021,1.0344138,1.0729226
1968-12-01,0.8767583,1.0313561,1.3056258,1.3055552
1969-01-01,0.96791553,1.3433375,1.5766258,1.3923465
1969-02-01,0.4811641,1.3227423,1.2947879,1.2067343
1969-03-01,0.49693856,0.55464965,0.74878913,0.85899204
1969-04-01,0.55442935,0.48572585,0.53339905,0.67351055
1969-05-01,0.7713485,0.5380882,0.7383435,0.6579065
1969-06-01,0.6950788,0.57301384,0.70197684,0.57474214
1969-07-01,0.2985571,0.26982877,0.28390625,0.36234358
1969-08-01,0.18645494,0.19613388,0.101147614,0.11506619
1969-09-01,0.0122697735,0.22242726,-0.039855313,0.07308546
1969-10-01,0.19767205,0.11249352,0.15796407,0.17746419
1969-11-01,0.42547554,0.36309397,0.4142838,0.228287
1969-12-01,0.23556073,0.15291102,0.11261313,0.22495301
1970-01-01,0.23314182,0.14212716,0.14796206,0.039786216
1970-02-01,-0.16537876,-0.037241586,-0.14121653,-0.097642206
1970-03-01,-0.46821868,-0.020951103,-0.29967216,-0.20158458
1970-04-01,-0.23917665,0.016052812,-0.16386503,-0.19883001
1970-05-01,-0.4024575,-0.048545536,-0.13295282,-0.24409701
1970-06-01,-0.920059,-0.10615685,-0.4354732,-0.53631026
1970-07-01,-1.3429112,-0.45195714,-1.0405048,-0.81067306
1970-08-01,-1.1878076,-0.44362673,-0.9560412,-1.0161048
1970-09-01,-1.0350566,-0.6692816,-1.0517683,-0.967205
1970-10-01,-0.8559808,-0.52855957,-0.8938053,-1.0747339
1970-11-01,-1.1546539,-0.8958842,-1.2786279,-1.2088898
1970-12-01,-1.328159,-1.0706756,-1.4542365,-1.3406531
1971-01-01,-1.2874382,-0.8716244,-1.2890949,-1.4048535
1971-02-01,-1.486054,-0.99372727,-1.4712293,-1.442586
1971-03-01,-1.4288958,-1.1377219,-1.5674336,-1.3704411
1971-04-01,-0.7988821,-0.9764498,-1.0726606,-1.222334
1971-05-01,-0.9248724,-1.0181391,-1.0269079,-1.0725986
1971-06-01,-0.92505276,-0.9646085,-1.1182272,-0.8919608
1971-07-01,-0.55940044,-0.42247885,-0.53074706,-0.7473223
1971-08-01,-0.7048284,-0.5715061,-0.5929927,-0.6897311
1971-09-01,-0.94135046,-1.0537896,-0.94545364,-0.83125067
1971-10-01,-0.8351479,-0.82876796,-0.9553055,-0.9599839
1971-11-01,-0.9079901,-0.6921456,-0.9791925,-0.9788045
1971-12-01,-1.042311,-0.5581762,-1.0019155,-0.8802895
1972-01-01,-0.69418263,-0.3102909,-0.6597605,-0.6216309
1972-02-01,-0.2551731,-0.22023144,-0.20321685,-0.37475622
1972-03-01,-0.18727987,-0.25195324,-0.26129135,-0.060557473
1972-04-01,0.3004114,0.2288683,0.28283578,0.19297211
1972-05-01,0.64279115,0.33627552,0.5573719,0.5394338
1972-06-01,0.9257225,0.19529845,0.77809376,0.90171844
1972-07-01,1.4667106,0.5034459,1.3696897,1.2901186
1972-08-01,1.9006399,0.62320447,1.7225722,1.5597023
1972-09-01,1.6491876,0.6987171,1.586845,1.6613506
1972-10-01,1.67012,1.0035042,1.6746343,1.650535
1972-11-01,1.7358826,0.9150047,1.6901252,1.6929463
1972-12-01,1.8827112,0.8739705,1.7140793,1.6790472
1973-01-01,1.721955,0.6597476,1.6329376,1.5058922
1973-02-01,0.91102827,0.62230915,1.1706595,1.1941719
1973-03-01,0.41870442,0.4615276,0.77891886,0.62556005
1973-04-01,-0.24866286,-0.07954455,-0.07289828,0.23847772
1973-05-01,-0.2428362,0.07255685,0.009412611,-0.23826392
1973-06-01,-0.6376316,-0.69456255,-0.6513061,-0.3650689
1973-07-01,-0.7804712,-0.24708535,-0.45331326,-0.6962352
1973-08-01,-1.1408647,-0.7791516,-0.9840861,-0.91555095
1973-09-01,-1.2342366,-1.1199062,-1.3092535,-1.173024
1973-10-01,-1.188352,-0.9438023,-1.2257324,-1.332223
1973-11-01,-1.2509464,-1.1213064,-1.4616834,-1.4664029
1973-12-01,-1.4105612,-1.4633137,-1.7117928,-1.6639714
1974-01-01,-1.5987704,-1.2906353,-1.8184379,-1.6636614
1974-02-01,-1.2450328,-0.9656811,-1.4607534,-1.5297669
1974-03-01,-1.0268725,-0.8625689,-1.310109,-1.2402946
1974-04-01,-0.59926647,-0.8905805,-0.95002115,-0.9911914
1974-05-01,-0.3589785,-0.78651,-0.71344405,-0.73110676
1974-06-01,-0.2584918,-0.6595485,-0.529855,-0.61965674
1974-07-01,-0.46936738,-0.5699517,-0.6156711,-0.42142907
1974-08-01,-0.24796186,-0.23627402,-0.1187611,-0.3367083
1974-09-01,-0.26271757,-0.6761239,-0.27569264,-0.40651548
1974-10-01,-0.7820499,-0.9894787,-0.82509273,-0.6340368
1974-11-01,-0.7993618,-1.0182703,-0.8013249,-0.85769624
1974-12-01,-1.0441757,-0.9554374,-0.9466709,-0.8125413
1975-01-01,-0.7871576,-0.8521624,-0.68962824,-0.6781397
1975-02-01,-0.49305382,-0.682766,-0.39812,-0.5387888
1975-03-01,-0.46843958,-0.86069953,-0.5286181,-0.5207079
1975-04-01,-0.4060765,-0.88083285,-0.6353857,-0.7350237
1975-05-01,-0.9263043,-1.1307995,-1.0410672,-0.8901165
1975-06-01,-0.9751603,-0.9448014,-0.9938967,-0.9987983
1975-07-01,-0.7676054,-1.1193916,-0.9614308,-0.96029526
1975-08-01,-0.70741534,-1.1674163,-0.92555827,-1.0610455
1975-09-01,-1.1809982,-1.4447352,-1.2961472,-1.2792243
1975-10-01,-1.3958972,-1.6773449,-1.6159672,-1.438663
1975-11-01,-1.2152685,-1.638596,-1.4038745,-1.5342358
1975-12-01,-1.4894124,-1.5619909,-1.5828658,-1.6211866
1976-01-01,-1.6717204,-1.5651222,-1.8768196,-1.5967484
1976-02-01,-1.1754194,-1.1860071,-1.3305595,-1.4288012
1976-03-01,-0.86441755,-0.93520415,-1.0790247,-1.0650783
1976-04-01,-0.59965783,-0.7550592,-0.7856507,-0.74952656
1976-05-01,-0.06550388,-0.6979315,-0.38390452,-0.38386813
1976-06-01,0.46834582,-0.5336344,0.017950805,-0.06430938
1976-07-01,0.5383726,-0.50209725,0.17302556,0.12999071
1976-08-01,0.56647074,-0.42394966,0.19899577,0.28723314
1976-09-01,0.7208405,-0.17238547,0.48967817,0.35781726
1976-10-01,0.42993453,-0.07948902,0.3847778,0.4165223
1976-11-01,0.3981147,-0.05163715,0.37511092,0.3251268
1976-12-01,0.33098093,-0.14987011,0.21549165,0.32854727
1977-01-01,0.3807072,0.068165064,0.3950392,0.24973013
1977-02-01,0.18797402,-0.14748588,0.13865955,0.116170265
1977-03-01,-0.032491256,-0.2584558,-0.18518795,-0.16081399
1977-04-01,-0.537069,-0.07191979,-0.43591356,-0.28883615
1977-05-01,-0.30318046,-0.17207283,-0.24540699,-0.22257997
1977-06-01,-0.1747877,0.09867671,0.013580605,-0.07855069
1977-07-01,-0.120435126,0.1857925,-0.0038256994,-0.04956937
1977-08-01,-0.36928892,-0.03597861,-0.15846302,0.005637318
1977-09-01,-0.11155712,0.32349676,0.17920066,0.08640566
1977-10-01,0.14524035,0.24214844,0.23847932,0.36508545
1977-11-01,0.3939317,0.3365323,0.6775763,0.4366726
1977-12-01,0.15540978,0.3000509,0.39396226,0.5260503
1978-01-01,0.21297301,0.5282158,0.5066124,0.45831522
1978-02-01,0.11753907,0.2941979,0.47437102,0.2809731
1978-03-01,-0.38581538,-0.22876528,-0.13806415,-0.032048423
1978-04-01,-0.66797686,-0.3862147,-0.43245214,-0.35887408
1978-05-01,-0.76385295,-0.38177347,-0.5061059,-0.47914556
1978-06-01,-0.776134,-0.16006128,-0.49887863,-0.2861099
1978-07-01,-0.14019327,-0.002722746,0.14665478,-0.15875573
1978-08-01,-0.439081,-0.17972684,-0.124043375,-0.11323706
1978-09-01,-0.5582315,-0.28589877,-0.3623226,-0.3189585
1978-10-01,-0.5392741,-0.37289527,-0.47050953,-0.43078086
1978-11-01,-0.38479662,-0.24087498,-0.45951045,-0.38305202
1978-12-01,-0.1672809,0.018782523,-0.21913613,-0.20025575
1979-01-01,-0.1414708,0.22971602,0.07787931,0.010952006
1979-02-01,-0.30541173,0.49561852,0.17411284,0.16712777
1979-03-01,-0.20500974,0.34870332,0.24939117,0.26669106
1979-04-01,0.02353207,0.46382466,0.37656915,0.29134938
1979-05-01,4.7407397e-05,0.16321343,0.2480878,0.1832579
1979-06-01,-0.24647346,0.1494447,-0.074883215,-0.014985025
1979-07-01,-0.36579773,0.10971088,-0.21815965,-0.046007633
1979-08-01,0.16591595,-0.026887387,0.15501997,0.06741908
1979-09-01,0.3228921,-0.11854574,0.26539692,0.1932611
1979-10-01,0.2030081,0.22972156,0.15936646,0.20575874
1979-11-01,0.18220562,0.17413668,0.1925128,0.25015676
1979-12-01,0.24686877,0.32118163,0.398591,0.40733537
1980-01-01,0.3635928,0.5266812,0.63090235,0.46514192
1980-02-01,0.0644643,0.5774713,0.36593246,0.42211494
1980-03-01,0.12745412,0.3688007,0.26951,0.3188397
1980-04-01,0.21563935,0.26865894,0.32107666,0.22822732
1980-05-01,0.07894727,0.069166444,0.094095305,0.16818178
1980-06-01,0.047395993,0.09577249,0.08937338,-0.023706809
1980-07-01,-0.2892703,-0.09510311,-0.2545891,-0.16504724
1980-08-01,-0.2884565,-0.085750446,-0.329926,-0.19990593
1980-09-01,-0.014420318,0.04422535,-0.015202682,-0.16716868
1980-10-01,-0.2873356,-0.16895078,-0.15637735,-0.11312276
1980-11-01,-0.1818966,-0.1787743,-0.16778827,-0.20102191
1980-12-01,-0.32744005,-0.19646938,-0.27890012,-0.43897763
1981-01-01,-1.0022532,-0.36077344,-0.8702445,-0.71081114
1981-02-01,-0.9953055,-0.5337697,-0.98328876,-0.8349721
1981-03-01,-0.6376848,-0.4389598,-0.651383,-0.76199144
1981-04-01,-0.7636905,-0.29589337,-0.6513025,-0.6013933
1981-05-01,-0.43321523,-0.25136936,-0.5014944,-0.5686864
1981-06-01,-0.38009244,-0.43107575,-0.55326235,-0.46354318
1981-07-01,-0.34444767,-0.15545145,-0.3358727,-0.45161906
1981-08-01,-0.57597315,-0.2141381,-0.46572208,-0.37307277
1981-09-01,-0.42230862,-0.14347823,-0.31762356,-0.3662082
1981-10-01,-0.17579769,-0.25577223,-0.31527895,-0.28348064
1981-11-01,-0.34222105,-0.038980372,-0.21753943,-0.22572248
1981-12-01,0.0076079154,-0.1384211,-0.14434902,-0.13759936
1982-01-01,0.026599009,-0.00091181503,-0.05090965,-0.060090657
1982-02-01,-0.005758407,0.17805259,0.014986702,0.079198845
1982-03-01,0.0943614,0.5115958,0.2735195,0.32667837
1982-04-01,0.53463036,0.7471082,0.69152886,0.5685899
1982-05-01,0.640034,0.8123362,0.74072146,0.763854
1982-06-01,0.7306829,0.8557773,0.85931194,0.77756315
1982-07-01,0.6453538,0.64724624,0.73265606,0.9029371
1982-08-01,1.0934666,0.7551201,1.1168432,1.1298021
1982-09-01,1.7103097,0.74469316,1.5399069,1.544589
1982-10-01,2.180847,0.88903874,1.9770172,1.9400316
1982-11-01,2.6314514,0.95801777,2.3031714,2.229477
1982-12-01,2.904139,0.72606534,2.4082425,2.3829992
1983-01-01,2.8707414,0.61629856,2.4375837,2.243057
1983-02-01,2.3644426,0.4424603,1.8833445,1.9509665
1983-03-01,1.8234596,0.40631744,1.5319716,1.4751501
1983-04-01,1.5905491,0.0149405915,1.0101341,1.1120433
1983-05-01,1.4595333,0.0511195,0.79402417,0.75591356
1983-06-01,1.4599869,-0.049637243,0.46358263,0.3876933
1983-07-01,1.0179164,-0.32839364,-0.094526894,0.035772044
1983-08-01,0.77547914,-0.4874737,-0.2617396,-0.18225501
1983-09-01,0.32501462,-0.39841974,-0.19049855,-0.3264496
1983-10-01,-0.0612528,-0.72493994,-0.52711064,-0.47459766
1983-11-01,-0.27101746,-0.8552754,-0.7061838,-0.6562583
1983-12-01,-0.35478726,-0.6873914,-0.7354804,-0.6392144
1984-01-01,-0.22849941,-0.47390074,-0.47597897,-0.554958
1984-02-01,-0.11377817,-0.66411066,-0.4534146,-0.46281925
1984-03-01,-0.034835164,-0.66196233,-0.45906422,-0.42770806
1984-04-01,-0.017690156,-0.707553,-0.37064537,-0.438689
1984-05-01,-0.43117443,-0.80089355,-0.4863574,-0.5853627
1984-06-01,-1.0115516,-0.8011484,-0.8990852,-0.6696365
1984-07-01,-0.6560525,-0.5416253,-0.6234668,-0.6363497
1984-08-01,-0.45580617,-0.38544428,-0.38649708,-0.37409136
1984-09-01,-0.21331657,0.08516187,-0.11231015,-0.36133423
1984-10-01,-0.7743995,-0.36340663,-0.58519554,-0.55345315
1984-11-01,-0.90200907,-0.50439614,-0.9628536,-0.86392087
1984-12-01,-1.0037369,-0.55507964,-1.0437135,-0.9590063
1985-01-01,-0.8350667,-0.45900708,-0.87045187,-0.8734648
1985-02-01,-0.901687,-0.33125627,-0.7062292,-0.7252161
1985-03-01,-0.7331075,-0.6405105,-0.59896696,-0.66310143
1985-04-01,-0.6394083,-0.50934005,-0.6841081,-0.6493273
1985-05-01,-0.81984574,-0.36277935,-0.66490674,-0.64157766
1985-06-01,-0.6294198,-0.46212614,-0.57571816,-0.6022133
1985-07-01,-0.7543741,-0.3701359,-0.56601495,-0.47122502
1985-08-01,-0.55104077,-0.13419773,-0.27194187,-0.3838787
1985-09-01,-0.5622237,0.0035165497,-0.31367937,-0.29197893
1985-10-01,-0.43473807,-0.14355673,-0.29031557,-0.31604922
1985-11-01,-0.60512555,-0.0029180674,-0.34415272,-0.35677442
1985-12-01,-0.71198,-0.026207125,-0.4358549,-0.51147413
1986-01-01,-0.7551347,-0.2952948,-0.75441486,-0.60897344
1986-02-01,-0.47048792,-0.12805326,-0.63665056,-0.6073914
1986-03-01,-0.33722794,-0.057813317,-0.43110898,-0.4504317
1986-04-01,-0.29342723,-0.23134907,-0.28353557,-0.33442155
1986-05-01,-0.34273937,-0.01831539,-0.28862008,-0.2113697
1986-06-01,-0.14070013,0.012892803,-0.061953444,-0.12627567
1986-07-01,-0.1579786,0.042838305,-0.028253492,0.11319097
1986-08-01,0.11195628,0.43032598,0.42977986,0.35118845
1986-09-01,0.33989185,0.5422008,0.652039,0.6690251
1986-10-01,0.71362877,0.7455605,0.9252566,0.8798032
1986-11-01,0.8657404,0.82308185,1.0621141,1.0590378
1986-12-01,0.97344506,0.66267234,1.1897427,1.1747947
1987-01-01,1.0905126,0.6612341,1.2725273,1.1419097
1987-02-01,0.9394622,0.4558227,0.9634592,1.1302541
1987-03-01,0.9520545,0.8266029,1.1547761,0.97771627
1987-04-01,0.8619937,0.5266495,0.8149135,0.9278386
1987-05-01,1.0041771,0.35255226,0.81382626,0.91751486
1987-06-01,1.104858,0.4551505,1.1238048,1.0695248
1987-07-01,1.2712452,0.3916809,1.270943,1.3420416
1987-08-01,1.5748533,0.38990095,1.631377,1.4964479
1987-09-01,1.5914922,0.73779845,1.587024,1.5439898
1987-10-01,1.496517,0.8647692,1.4135687,1.4212519
1987-11-01,1.2465178,1.0022616,1.263163,1.1942033
1987-12-01,0.99844515,0.7657189,0.9058783,0.9849475
1988-01-01,0.6084172,0.78700995,0.7858013,0.71671194
1988-02-01,0.32703638,0.47308314,0.4584561,0.45333275
1988-03-01,0.025900641,0.16280986,0.11574076,0.11688284
1988-04-01,-0.5008813,-0.13976057,-0.22354835,-0.3769742
1988-05-01,-1.2861472,-0.35583845,-1.0231149,-0.81429416
1988-06-01,-1.5617335,-0.4627974,-1.1962193,-1.1868348
1988-07-01,-1.61249,-0.5956617,-1.3411703,-1.2543308
1988-08-01,-1.3013712,-0.65044653,-1.2256025,-1.3067676
1988-09-01,-1.2445388,-1.0587844,-1.3535298,-1.5536257
1988-10-01,-1.6107341,-1.5865966,-2.0817451,-1.8503653
1988-11-01,-1.6594914,-1.6053846,-2.1158206,-2.0377164
1988-12-01,-1.6351174,-1.3361102,-1.9155831,-1.9336127
1989-01-01,-1.4488645,-1.3224078,-1.7694343,-1.6322535
1989-02-01,-0.7965063,-1.2289964,-1.211743,-1.3562971
1989-03-01,-0.9051032,-0.75146085,-1.087714,-1.1132078
1989-04-01,-0.84585196,-0.88140243,-1.0401664,-0.98552793
1989-05-01,-0.66432804,-0.6725022,-0.8287034,-0.8154135
1989-06-01,-0.4927605,-0.6262125,-0.5773705,-0.6453538
1989-07-01,-0.44449535,-0.5273532,-0.52998745,-0.5601131
1989-08-01,-0.39802736,-0.6793978,-0.57298124,-0.5353182
1989-09-01,-0.523582,-0.30811083,-0.50298584,-0.4786382
1989-10-01,-0.44840294,-0.16272442,-0.35994753,-0.41071567
1989-11-01,-0.3928968,-0.2714914,-0.36921364,-0.29814762
1989-12-01,-0.3383227,0.20285863,-0.1652817,-0.1772133
1990-01-01,-0.22464763,0.27963477,0.0028555063,-0.029451812
1990-02-01,-0.066300005,0.36143818,0.07407075,0.042208623
1990-03-01,-0.19160308,0.39369872,0.049699612,0.14672497
1990-04-01,0.05860702,0.38292417,0.31640455,0.17173213
1990-05-01,0.1718866,0.18004298,0.14909223,0.16722189
1990-06-01,0.02712076,0.24523291,0.036168847,0.07938417
1990-07-01,-0.11530616,0.24939197,0.052891452,0.11667222
1990-08-01,-0.0056668925,0.34931722,0.26095635,0.22015734
1990-09-01,0.21010354,0.4949883,0.3466242,0.32369015
1990-10-01,0.07743799,0.5148244,0.36348984,0.3050203
1990-11-01,-0.123262376,0.5293317,0.20494695,0.30780652
1990-12-01,-0.023723172,0.771979,0.35498276,0.38030732
1991-01-01,0.07841319,0.8130227,0.5809922,0.3919437
1991-02-01,-0.068394415,0.5884279,0.23985615,0.32788172
1991-03-01,-0.026732191,0.52159494,0.16279683,0.23313554
1991-04-01,0.004264335,0.5661547,0.29675367,0.28576148
1991-05-01,0.402725,0.5275388,0.39773393,0.52375525
1991-06-01,1.0060738,0.6580484,0.87677824,0.58332366
1991-07-01,0.59363747,0.2988024,0.47545883,0.5650773
1991-08-01,0.29324287,0.28794077,0.3429948,0.4444104
1991-09-01,0.3576619,0.5526796,0.5147775,0.61389285
1991-10-01,0.6635816,0.7752379,0.9839063,0.89508057
1991-11-01,0.94309765,0.76807547,1.1865578,1.2110177
1991-12-01,1.1164546,0.81262815,1.462589,1.4191974
1992-01-01,1.281193,0.6990405,1.6084454,1.5349379
1992-02-01,1.1676428,0.6868415,1.533779,1.4730707
1992-03-01,1.0367807,0.6157087,1.276988,1.3196703
1992-04-01,1.1126715,0.57914454,1.148244,1.0877625
1992-05-01,1.050102,0.34370103,0.8380555,0.7746019
1992-06-01,0.28591025,0.30375808,0.33750606,0.49015307
1992-07-01,0.016477393,0.42757514,0.2948977,0.21767084
1992-08-01,-0.15083687,0.32953,0.020608794,0.13538696
1992-09-01,-0.121763445,0.32040972,0.09065442,0.0055333376
1992-10-01,-0.21160407,0.16081297,-0.0946632,0.017099528
1992-11-01,-0.08561361,0.28227144,0.05530737,0.09052231
1992-12-01,0.042857826,0.344471,0.31092277,0.27524698
1993-01-01,0.15647294,0.4417479,0.45951083,0.36734557
1993-02-01,0.18522157,0.25257927,0.33160314,0.46767893
1993-03-01,0.50332475,0.41585967,0.61192286,0.5406434
1993-04-01,0.780771,0.23771496,0.6784041,0.7009298
1993-05-01,0.8774498,0.29997528,0.81246245,0.71033573
1993-06-01,0.6767062,0.25698096,0.64014065,0.6081962
1993-07-01,0.25114003,0.28509396,0.3719854,0.41959766
1993-08-01,0.04471327,0.35349354,0.2466669,0.400781
1993-09-01,0.3803815,0.47281048,0.58369076,0.44636345
1993-10-01,0.44667104,0.34236035,0.50873274,0.530745
1993-11-01,0.34871805,0.49146962,0.49981168,0.44782236
1993-12-01,0.271032,0.39893538,0.33492267,0.2753158
1994-01-01,0.0064910986,0.15966357,-0.008786891,0.12961434
1994-02-01,-0.022100046,0.14885034,0.062707245,0.098786496
1994-03-01,0.026915088,0.16721842,0.24243914,0.15729009
1994-04-01,-0.24778832,0.13550253,0.16672388,0.18635277
1994-05-01,-0.17360595,0.17544971,0.14989534,0.21311344
1994-06-01,0.04931338,0.3642458,0.32272112,0.19011003
1994-07-01,-0.26869947,0.42864978,0.09771364,0.30114672
1994-08-01,-0.08745861,0.727249,0.48300532,0.3653197
1994-09-01,0.2579739,0.5213038,0.51524013,0.65781516
1994-10-01,0.75126827,0.74265397,0.97520006,0.90792817
1994-11-01,1.0252885,0.8068516,1.2333443,1.1278635
1994-12-01,1.0681182,0.72848934,1.1750464,1.087654
1995-01-01,0.79470456,0.5871544,0.85457104,0.94785047
1995-02-01,0.57548976,0.7968722,0.8139338,0.70762515
1995-03-01,0.07645595,0.732733,0.45437068,0.5189309
1995-04-01,-0.2298117,0.4746936,0.2884882,0.20768023
1995-05-01,-0.48639044,0.34887764,-0.11981824,0.03234199
1995-06-01,-0.3136771,0.17985441,-0.07164399,-0.10115498
1995-07-01,-0.18951721,0.049833152,-0.1120027,-0.21429753
1995-08-01,-0.53956044,-0.1670089,-0.4592459,-0.432094
1995-09-01,-0.66923636,-0.35428908,-0.7250335,-0.6753843
1995-10-01,-0.73761046,-0.48266402,-0.8418734,-0.8212688
1995-11-01,-0.83433807,-0.5273566,-0.8968994,-0.87463516
1995-12-01,-0.84723705,-0.36547136,-0.88513255,-0.81459665
1996-01-01,-0.6476086,-0.19703168,-0.66175795,-0.7752145
1996-02-01,-0.6786536,-0.27051237,-0.7787529,-0.65001106
1996-03-01,-0.38347515,-0.24843359,-0.5095224,-0.5527704
1996-04-01,-0.63528645,-0.2858344,-0.37003595,-0.4927682
1996-05-01,-0.71643025,-0.34726936,-0.59874624,-0.4663365
1996-06-01,-0.52300537,-0.31091028,-0.43022728,-0.39939702
1996-07-01,-0.34336147,-0.21428072,-0.16921742,-0.2764771
1996-08-01,-0.37108976,-0.06572408,-0.22998662,-0.1991905
1996-09-01,-0.3719903,-0.10250497,-0.19836742,-0.18725125
1996-10-01,-0.34089684,-0.10268795,-0.13339971,-0.19853576
1996-11-01,-0.45550168,-0.115607046,-0.26384014,-0.2893105
1996-12-01,-0.7877958,0.013142686,-0.47069162,-0.38740182
1997-01-01,-0.7189125,0.1410824,-0.42767367,-0.40557364
1997-02-01,-0.42631674,0.12234117,-0.31835568,-0.27873746
1997-03-01,0.06239818,0.33669668,-0.090182945,-0.04624009
1997-04-01,0.26367515,0.6188444,0.26981837,0.2561096
1997-05-01,0.87782335,0.60799515,0.5886934,0.63651973
1997-06-01,1.5148019,0.5409375,1.0510474,1.037173
1997-07-01,2.1437976,0.57146573,1.4717783,1.4404608
1997-08-01,2.574978,0.58777523,1.7985567,1.7991918
1997-09-01,2.8848777,0.7904067,2.1272407,2.1158903
1997-10-01,3.1659482,0.7484357,2.4218729,2.3562996
1997-11-01,3.3732972,0.9114637,2.5197854,2.4906392
1997-12-01,3.476469,0.89995503,2.5302596,2.4762926
1998-01-01,3.0836651,0.8221605,2.3788326,2.311576
1998-02-01,2.5159962,0.72651154,2.025636,1.9867178
1998-03-01,2.0634742,0.4996882,1.5556852,1.5133123
1998-04-01,1.6274047,0.033633348,0.9586156,1.0080575
1998-05-01,1.1242034,-0.14746884,0.5098716,0.30574444
1998-06-01,0.061577834,-0.24586333,-0.5512539,-0.34281483
1998-07-01,-0.197459,-0.6343527,-0.9870623,-0.8643784
1998-08-01,-0.2943665,-0.7899162,-1.0548189,-0.92783874
1998-09-01,-0.2982384,-0.47860754,-0.7416351,-0.912363
1998-10-01,-0.44383696,-0.8765602,-0.940635,-0.9305945
1998-11-01,-0.6058578,-1.0679454,-1.1095135,-1.2075266
1998-12-01,-1.081466,-1.0462257,-1.5724313,-1.3762693
1999-01-01,-1.0028894,-1.3629507,-1.4468629,-1.3982668
1999-02-01,-0.6177057,-1.4484175,-1.1755061,-1.1315767
1999-03-01,-0.28904107,-1.1310974,-0.772361,-0.90223455
1999-04-01,-0.6657293,-0.9832306,-0.7588364,-0.7490459
1999-05-01,-0.44852814,-0.74188316,-0.7159405,-0.7707379
1999-06-01,-0.7128306,-0.7031768,-0.83743685,-0.78068066
1999-07-01,-0.7278375,-0.6460202,-0.7886645,-0.88236886
1999-08-01,-0.80191016,-0.72804976,-1.0210052,-0.8830417
1999-09-01,-0.9360431,-0.5621291,-0.8394553,-0.9189493
1999-10-01,-0.9763123,-0.5531233,-0.8963873,-1.0131167
1999-11-01,-1.2447435,-0.844081,-1.3035077,-1.2690225
1999-12-01,-1.4290613,-1.0865518,-1.6071725,-1.5061784
2000-01-01,-1.3326654,-1.0526307,-1.6078547,-1.5223519
2000-02-01,-0.85341394,-1.1497096,-1.3520286,-1.2649214
2000-03-01,-0.31061408,-1.0725752,-0.83488107,-0.9166203
2000-04-01,-0.06284909,-0.81211734,-0.5629513,-0.6814912
2000-05-01,-0.3241809,-0.7695098,-0.64664125,-0.5985858
2000-06-01,-0.5940776,-0.508174,-0.58616465,-0.5969186
2000-07-01,-0.52822125,-0.5004018,-0.55794984,-0.516021
2000-08-01,-0.39694157,-0.15260021,-0.4039485,-0.39113367
2000-09-01,-0.26814565,0.07554118,-0.21150264,-0.35310045
2000-10-01,-0.38141268,-0.28033122,-0.44385028,-0.41242155
2000-11-01,-0.5828332,-0.2298419,-0.5819117,-0.5802974
2000-12-01,-0.645991,-0.5229561,-0.71513027,-0.6020771
2001-01-01,-0.48755985,-0.3913014,-0.5091895,-0.610277
2001-02-01,-0.29651824,-0.6512408,-0.6065113,-0.43144682
2001-03-01,0.24388555,-0.32548603,-0.17863977,-0.26387104
2001-04-01,0.18397744,-0.15852378,-0.0064620906,-0.11614353
2001-05-01,-0.15901771,-0.10510946,-0.16332874,-0.046410527
2001-06-01,-0.15648411,0.1640592,0.030559255,-0.0007612507
2001-07-01,-0.11575775,0.3301058,0.13048573,0.06346351
2001-08-01,-0.2525057,0.3369224,0.029345544,0.048399154
2001-09-01,-0.35473898,0.5761313,-0.014633807,-0.0032096484
2001-10-01,-0.328603,0.4021838,-0.024340682,-0.035780236
2001-11-01,-0.37886676,0.41018346,-0.06836622,-0.14074351
2001-12-01,-0.4545096,0.170726,-0.32952362,-0.14023817
2002-01-01,-0.37538007,0.5285153,-0.02282466,-0.056868505
2002-02-01,-0.08737739,0.4924614,0.18174276,0.087810755
2002-03-01,0.053375587,0.38660413,0.10451417,0.14003234
2002-04-01,0.105878845,0.51048106,0.13384007,0.16287278
2002-05-01,0.19827381,0.5947916,0.25026408,0.35468414
2002-06-01,0.5757572,0.61021084,0.67994833,0.5366389
2002-07-01,0.42387035,0.6202009,0.67970425,0.75979453
2002-08-01,0.54570687,0.69109327,0.9197311,0.92158604
2002-09-01,0.7622552,0.8966857,1.1653229,1.1309019
2002-10-01,0.98806894,0.97160524,1.3076519,1.3122197
2002-11-01,1.3227745,1.0888758,1.4636843,1.3867248
2002-12-01,1.3113179,0.9424922,1.3888382,1.3129448
2003-01-01,0.87408966,0.88055927,1.086312,1.0481272
2003-02-01,0.35598403,0.772437,0.6692313,0.7960544
2003-03-01,0.35880682,0.82446235,0.6326199,0.44673753
2003-04-01,-0.33681288,0.51490843,0.03836128,0.11215953
2003-05-01,-0.7167315,0.19124949,-0.33450258,-0.1377581
2003-06-01,-0.46202174,0.34172642,-0.117133014,-0.11307624
2003-07-01,0.08548678,0.309145,0.11240689,0.008377905
2003-08-01,0.026330156,0.46166152,0.02985984,0.13826428
2003-09-01,0.13773704,0.52388525,0.27252612,0.26856783
2003-10-01,0.47671044,0.583487,0.5033176,0.42122087
2003-11-01,0.47474885,0.6360589,0.48781884,0.47214782
2003-12-01,0.5285264,0.55531806,0.42530707,0.37480712
2004-01-01,0.23495674,0.46052483,0.2112955,0.2569275
2004-02-01,0.15277226,0.42526492,0.13417986,0.12539484
2004-03-01,0.056018457,0.39558518,0.030709144,0.074940324
2004-04-01,-0.11598372,0.26213297,0.059931964,0.08223691
2004-05-01,-0.28330785,0.3629123,0.15606962,0.10071227
2004-06-01,-0.20114225,0.30422744,0.08613523,0.21689875
2004-07-01,-0.13669224,0.5940861,0.40849143,0.3648504
2004-08-01,0.117036805,0.6209493,0.59992456,0.6145928
2004-09-01,0.3578046,0.95034444,0.83536243,0.7482571
2004-10-01,0.45607543,0.9549442,0.8094843,0.80265546
2004-11-01,0.57372564,0.8779249,0.7631197,0.8033991
2004-12-01,0.6739186,0.95644975,0.8375933,0.74928755
2005-01-01,0.42687973,0.918308,0.64714956,0.5812474
2005-02-01,-0.09230723,0.644107,0.25899926,0.46690866
2005-03-01,0.078691326,0.73001796,0.49457717,0.3458157
2005-04-01,0.15095164,0.43914402,0.2838707,0.34460387
2005-05-01,0.2807706,0.39640015,0.25536376,0.27804378
2005-06-01,0.25230044,0.4185686,0.2948969,0.22814529
2005-07-01,0.2322309,0.21631104,0.13417518,0.15198539
2005-08-01,0.19394012,0.20391567,0.026884086,0.075896524
2005-09-01,-0.08684947,0.2304747,0.06663031,0.0881094
2005-10-01,-0.07386014,0.27209285,0.17081378,-0.012942572
2005-11-01,-0.43572918,0.1146791,-0.27627182,-0.21075065
2005-12-01,-0.57710177,0.035427988,-0.52679396,-0.47654378
2006-01-01,-0.3264576,-0.31532183,-0.6265656,-0.56279796
2006-02-01,-0.16064946,-0.3970448,-0.53503436,-0.54782104
2006-03-01,-0.38531017,-0.1864187,-0.48186332,-0.3913181
2006-04-01,-0.23806152,-0.086935885,-0.1570567,-0.20931685
2006-05-01,-0.036733303,0.11201985,0.010969444,0.0015728275
2006-06-01,-0.008082412,0.2772763,0.15080574,0.08961761
2006-07-01,0.1641726,0.3147449,0.10707764,0.21805282
2006-08-01,0.48894885,0.52399373,0.39627507,0.43782625
2006-09-01,0.9681625,0.86617094,0.810126,0.7010886
2006-10-01,1.1229469,0.7615718,0.89686465,0.9334716
2006-11-01,1.1497166,0.94489574,1.0934241,1.0558201
2006-12-01,1.2215289,0.9317631,1.1771716,1.0025979
2007-01-01,0.94257194,0.62343806,0.7371983,0.70795465
2007-02-01,0.2616105,0.45060942,0.20949402,0.3404026
2007-03-01,-0.14848994,0.39971983,0.0745155,0.07926685
2007-04-01,-0.3466769,0.24307054,-0.046208955,-0.08699279
2007-05-01,-0.5533133,0.13992302,-0.2892849,-0.15065639
2007-06-01,-0.48193,0.12968238,-0.11647528,-0.28694412
2007-07-01,-0.70595497,-0.0758012,-0.4550721,-0.3578725
2007-08-01,-0.9373376,-0.16544874,-0.50207007,-0.6088936
2007-09-01,-1.0930485,-0.35171014,-0.8695386,-0.86409384
2007-10-01,-1.3119829,-0.61643744,-1.2206728,-1.1561935
2007-11-01,-1.4958199,-0.90999305,-1.3783691,-1.3072621
2007-12-01,-1.3076086,-0.89027494,-1.3227445,-1.3948334
2008-01-01,-1.2714655,-1.2041134,-1.4833864,-1.4453235
2008-02-01,-1.0786391,-1.2752728,-1.5298394,-1.3389387
2008-03-01,-0.48826808,-1.0003192,-1.0035903,-1.1360283
2008-04-01,-0.35385156,-0.90445,-0.8746552,-0.86133844
2008-05-01,-0.09277544,-0.80410856,-0.7057697,-0.68473625
2008-06-01,-0.021672528,-0.6844333,-0.4737838,-0.4481368
2008-07-01,0.31422675,-0.49416906,-0.16485694,-0.22233723
2008-08-01,0.53694206,-0.43775094,-0.028370898,-0.10298044
2008-09-01,0.38553703,-0.33041966,-0.1157135,-0.12701511
2008-10-01,0.0310682,-0.19885497,-0.23696093,-0.22982423
2008-11-01,-0.111612774,-0.4238816,-0.33679822,-0.44193757
2008-12-01,-0.48388717,-0.6478395,-0.75205356,-0.65342706
2009-01-01,-0.38794023,-0.6704958,-0.8714294,-0.7579401
2009-02-01,-0.37893462,-0.5791588,-0.6503376,-0.6327109
2009-03-01,-0.42776555,-0.25087437,-0.3763658,-0.38785124
2009-04-01,0.002164439,-0.095818706,-0.13685042,-0.11809417
2009-05-01,0.3380246,0.17425276,0.15893376,0.16015278
2009-06-01,0.5896081,0.3783023,0.458375,0.39542678
2009-07-01,0.75809795,0.3974138,0.56897163,0.56542796
2009-08-01,0.84050125,0.6089322,0.66893715,0.6970162
2009-09-01,0.8578387,0.71245015,0.8531396,0.83538336
2009-10-01,0.8258486,1.0233,0.98407334,1.0743574
2009-11-01,1.1489061,1.1698604,1.385859,1.3061876
2009-12-01,1.3844453,1.0902811,1.5486304,1.45704
2010-01-01,1.0684038,1.1675667,1.4366307,1.3552915
2010-02-01,0.7949881,0.8409782,1.0806135,1.1753088
2010-03-01,0.72265863,0.88961416,1.0086824,0.88493556
2010-04-01,0.5691944,0.6548579,0.5655108,0.45586315
2010-05-01,-0.039041948,0.101741105,-0.20660374,-0.05916922
2010-06-01,-0.57180834,-0.17545919,-0.53641474,-0.56488377
2010-07-01,-0.9562126,-0.52724034,-0.9516329,-0.88485986
2010-08-01,-1.0451443,-0.9557406,-1.1665322,-1.1201593
2010-09-01,-1.0319095,-1.0828946,-1.2423128,-1.285891
2010-10-01,-1.3016189,-1.187678,-1.4488281,-1.3972663
2010-11-01,-1.362524,-1.2965342,-1.5006577,-1.5169123
2010-12-01,-1.4644783,-1.3173008,-1.6012512,-1.5282192
2011-01-01,-1.0804828,-1.2471267,-1.4827487,-1.3989528
2011-02-01,-0.6160142,-0.9818452,-1.1128583,-1.1469562
2011-03-01,-0.5573632,-0.62057257,-0.8452615,-0.8479199
2011-04-01,-0.15427805,-0.50000024,-0.58563966,-0.6246751
2011-05-01,-0.11257143,-0.4477067,-0.44312406,-0.44551793
2011-06-01,-0.03268068,-0.37849408,-0.30779004,-0.37543845
2011-07-01,-0.024286788,-0.4040883,-0.37540132,-0.4268825
2011-08-01,-0.21530665,-0.4415018,-0.5974561,-0.5211189
2011-09-01,-0.36665565,-0.4404083,-0.59049916,-0.65303963
2011-10-01,-0.62376356,-0.555203,-0.7711637,-0.7949867
2011-11-01,-0.9970218,-0.5414356,-1.0232973,-0.9285423
2011-12-01,-0.80178803,-0.8293822,-0.9911659,-0.99272704
2012-01-01,-0.45773482,-0.9804341,-0.96371794,-0.87212276
2012-02-01,-0.013001184,-0.8269058,-0.6614844,-0.6771836
2012-03-01,-0.049917374,-0.49090546,-0.4063484,-0.44570884
2012-04-01,0.08659844,-0.23362242,-0.2692936,-0.27221367
2012-05-01,0.11033978,-0.18893181,-0.14099903,-0.09341812
2012-06-01,0.48929757,-0.09406001,0.13003828,0.09370623
2012-07-01,0.64421445,0.0006080071,0.29207945,0.35112754
2012-08-01,0.6513436,0.41738755,0.6312649,0.48545423
2012-09-01,0.49571362,0.5561018,0.53301835,0.52105427
2012-10-01,0.17571437,0.6405528,0.3988795,0.42580315
2012-11-01,0.24793382,0.5565794,0.34551156,0.25277436
2012-12-01,-0.07974049,0.45289373,0.013931986,0.051044088
2013-01-01,-0.24861494,0.13276395,-0.20631129,-0.122092605
2013-02-01,-0.111318246,0.04529087,-0.17389853,-0.106873594
2013-03-01,0.29386646,0.026885146,0.05958902,-0.04203989
2013-04-01,0.026319137,-0.03282351,-0.011810165,-0.0471895
2013-05-01,-0.47234482,0.022733139,-0.18934736,-0.15300907
2013-06-01,-0.5737759,-0.01748371,-0.25786972,-0.23135526
2013-07-01,-0.4198413,0.043839034,-0.24684875,-0.19609028
2013-08-01,-0.27579504,0.17570163,-0.083552346,-0.027522558
2013-09-01,0.16869661,0.31002653,0.24783342,0.037150636
2013-10-01,0.037540283,0.28220966,-0.052829165,0.13347392
2013-11-01,0.075877614,0.43716037,0.20541747,0.0721716
2013-12-01,0.11158985,0.29251543,0.06392648,0.027966252
2014-01-01,-0.053456232,0.014447968,-0.18544519,-0.1618336
2014-02-01,-0.41751564,0.30777162,-0.36398208,-0.16579868
2014-03-01,0.15140878,0.53333485,0.052031256,-0.024601847
2014-04-01,0.26560274,0.3986463,0.23814529,0.21614031
2014-05-01,0.49790192,0.6662797,0.35824442,0.30797136
2014-06-01,0.70448667,0.4858478,0.32752433,0.24943016
2014-07-01,0.447809,0.29993382,0.06252173,0.2228502
2014-08-01,0.5043334,0.470818,0.27850458,0.30782285
2014-09-01,0.5909392,0.7392426,0.5824422,0.4927865
2014-10-01,0.71304065,0.70316625,0.6174126,0.6823749
2014-11-01,0.9433608,0.8869478,0.8472697,0.74609846
2014-12-01,0.86594915,0.85611355,0.77361304,0.74155456
2015-01-01,0.49945453,0.7671013,0.603781,0.6487901
2015-02-01,0.34284493,0.857368,0.5689764,0.59287447
2015-03-01,0.41353792,0.8714355,0.6058661,0.6598769
2015-04-01,0.7658851,0.96599877,0.8047881,0.76363635
2015-05-01,1.0686272,0.86118287,0.8802548,0.9021864
2015-06-01,1.387746,0.8679953,1.0215164,1.0643011
2015-07-01,1.7550361,0.85215837,1.2911322,1.3652946
2015-08-01,2.0188656,0.88146347,1.783235,1.7083021
2015-09-01,2.3448265,0.98415774,2.0505393,2.0232136
2015-10-01,2.4632266,1.0424056,2.2358665,2.281588
2015-11-01,2.6802406,1.5124699,2.5583587,2.4035466
2015-12-01,2.6652675,1.3862091,2.4164143,2.398741
2016-01-01,2.4320092,1.0930748,2.2214499,2.1900084
2016-02-01,1.824965,1.1089231,1.9321612,1.8990024
2016-03-01,1.5820463,1.1742333,1.5433961,1.5118061
2016-04-01,0.9569152,0.80879945,1.0598613,1.0313168
2016-05-01,0.3631753,0.61559266,0.4906928,0.572756
2016-06-01,0.19362304,0.5345664,0.16771401,0.16677032
2016-07-01,-0.12665723,0.37074092,-0.15809585,-0.083815046
2016-08-01,-0.17173058,0.20055205,-0.2610633,-0.20478195
2016-09-01,0.106447786,0.15896647,-0.19518667,-0.24371915
2016-10-01,-0.08824391,0.018735131,-0.27490744,-0.25967395
2016-11-01,-0.2956591,-0.04962726,-0.30892774,-0.26277336
2016-12-01,-0.24116078,0.12728013,-0.20448485,-0.20585953
2017-01-01,0.11808285,0.15314353,-0.10416598,-0.050304506
2017-02-01,0.61567783,0.15641336,0.1577373,0.13544284
2017-03-01,0.63809186,0.19936472,0.3527572,0.31966022
2017-04-01,0.6975183,0.20159519,0.44848624,0.44543108
2017-05-01,0.5426652,0.32785448,0.53504986,0.5073362
2017-06-01,0.27151752,0.50304574,0.53847253,0.50516963
2017-07-01,0.26320955,0.41074294,0.4419866,0.35821357
2017-08-01,0.039557643,0.31690264,0.09418166,0.1334136
2017-09-01,-0.4063718,0.25801936,-0.13592745,-0.08743212
2017-10-01,-0.3324425,0.09061762,-0.22055058,-0.3097575
2017-11-01,-0.719967,-0.007569522,-0.5727945,-0.49286047
2017-12-01,-0.9162554,-0.10365955,-0.68523633,-0.5954714
2018-01-01,-0.78397804,-0.02054907,-0.5283833,-0.5780279
2018-02-01,-0.61132276,-0.022162998,-0.52046406,-0.49233913
2018-03-01,-0.5103016,0.107492656,-0.42817,-0.41120315
2018-04-01,-0.32289502,0.18542884,-0.28497535,-0.2542331
2018-05-01,-0.093611114,0.30572236,-0.049553886,-0.03885603
2018-06-01,0.19538824,0.3344395,0.21796113,0.1641352
2018-07-01,0.32064718,0.33300358,0.32399836,0.2886722
2018-08-01,0.18827435,0.53036404,0.32405707,0.38974205
2018-09-01,0.34022188,0.69697595,0.5211707,0.56726104
2018-10-01,0.72419465,0.95932865,0.85655546,0.7620371
2018-11-01,0.8558528,0.86718327,0.9083852,0.8732018
2018-12-01,0.8567395,0.93550044,0.8546645,0.8115074
2019-01-01,0.6677511,0.779483,0.67147243,0.72688705
2019-02-01,0.64375114,0.7851168,0.6545244,0.7468868
2019-03-01,0.74765044,0.83896977,0.9146635,0.7709789
2019-04-01,0.69205135,0.6021241,0.7437489,0.7917487
2019-05-01,0.686729,0.6868654,0.7168336,0.6774664
2019-06-01,0.4199986,0.67369694,0.5718167,0.5726308
2019-07-01,0.16178402,0.751873,0.42924216,0.37011802
2019-08-01,-0.14991784,0.62379533,0.10929521,0.19596533
2019-09-01,-0.20886742,0.68771726,0.049358618,0.2352109
2019-10-01,0.164654,0.8878894,0.5469789,0.40340972
2019-11-01,0.4579808,0.7923528,0.61389166,0.57497126
2019-12-01,0.37280858,0.8469163,0.56404316,0.58990693
2020-01-01,0.4011207,0.8820479,0.5917859,0.54113376
2020-02-01,0.25532144,0.8844937,0.46757224,0.53091407
2020-03-01,0.29715222,0.8337208,0.533384,0.48633257
2020-04-01,0.48201525,0.53298765,0.45804137,0.27318522
2020-05-01,-0.061058145,0.16068813,-0.17186974,0.02218849
2020-06-01,-0.46332803,0.19637264,-0.21960615,-0.16231482
2020-07-01,-0.37607065,0.11790062,-0.09546856,-0.23982094
2020-08-01,-0.4272168,-0.16626835,-0.4043881,-0.38460565
2020-09-01,-0.8918946,-0.2287243,-0.6539602,-0.69634914
2020-10-01,-1.0426704,-0.49432302,-1.0306993,-0.9529092
2020-11-01,-1.0186635,-0.5924487,-1.1740679,-1.0363009
2020-12-01,-0.69413096,-0.6614521,-0.9041354,-0.95648074
2021-01-01,-0.38796118,-0.8531733,-0.79123896,-0.8137986
2021-02-01,-0.4035908,-0.74182713,-0.7460214,-0.6559482
2021-03-01,-0.23116155,-0.29929993,-0.4305845,-0.5268528
2021-04-01,-0.4844831,-0.113128066,-0.40395245,-0.367669
2021-05-01,-0.35463536,-0.020378532,-0.26847008,-0.26019445
2021-06-01,-0.0672067,0.007871336,-0.108160794,-0.18651283
2021-07-01,-0.032361202,-0.09632397,-0.18290764,-0.19076599
2021-08-01,-0.13760923,0.02697178,-0.28122956,-0.23180139
2021-09-01,-0.24292962,-0.19281697,-0.23126695,-0.40439978
2021-10-01,-0.5245917,-0.42344466,-0.7007029,-0.5695382
2021-11-01,-0.69437516,-0.49518144,-0.77664465,-0.7738218
2021-12-01,-0.97661096,-0.50096184,-0.8441176,-0.7888792
2022-01-01,-1.0356208,-0.17326033,-0.7458756,-0.7493653
2022-02-01,-0.9152811,-0.1820497,-0.65810287,-0.7288716
2022-03-01,-0.4759606,-0.48092127,-0.7826362,-0.7792918
2022-04-01,-0.7626135,-0.63762146,-0.8971362,-0.86324674
2022-05-01,-0.9031763,-0.61510307,-0.90996796,-0.7974398
2022-06-01,-0.6043506,-0.4283573,-0.5852153,-0.6921623
2022-07-01,-0.22120745,-0.78086925,-0.58130366,-0.65190214
2022-08-01,-0.3528098,-0.7899113,-0.78918755,-0.70038396
2022-09-01,-0.70287997,-0.69810706,-0.73066056,-0.75905734
2022-10-01,-0.73995435,-0.7933093,-0.7573239,-0.75202733
2022-11-01,-0.8337997,-0.65125155,-0.7680976,-0.7517659
2022-12-01,-0.7096657,-0.55132633,-0.7298761,-0.69147974
2023-01-01,-0.3329032,-0.42846614,-0.57646555,-0.5670441
2023-02-01,-0.004201882,-0.32900283,-0.39479065,-0.2717148
2023-03-01,0.480753,0.07961415,0.1561118,0.009210716
2023-04-01,0.5832643,0.35392505,0.266311,0.31902707
2023-05-01,0.9862425,0.44404295,0.53465843,0.5618021
2023-06-01,1.3057297,0.7007441,0.8844367,0.8109742
2023-07-01,1.6473343,0.69881994,1.0138274,1.0773566
2023-08-01,2.0067341,1.0014617,1.3338056,1.3416961
2023-09-01,2.131085,1.2498385,1.6774553,1.582168
2023-10-01,2.1243148,1.3453523,1.7352428,1.7789955
2023-11-01,2.168977,1.4008327,1.924288,1.8837312
2023-12-01,2.136527,1.3922179,1.9916629,
